txn_date,from_account,remitter_name,to_account,beneficiary_name,beneficiary_ifsc,amount,mode,txn_id
2026-07-14 08:10:00,34567891234,Ravi Kumar,60122778341,Manjit Singh,PUNB0182100,2391,UPI,UTR2251038029
2026-07-14 10:10:00,602701554398,Nisha Rani,50100244178,Suneel Kumar,HDFC0000523,4361,UPI,UTR7150525798
2026-07-16 13:10:00,34567891234,Ravi Kumar,60122778341,Manjit Singh,PUNB0182100,3034,UPI,UTR4591166302
2026-07-16 15:10:00,602701554398,Nisha Rani,50100244178,Suneel Kumar,HDFC0000523,2354,UPI,UTR2000361409
2026-07-18 10:10:00,60122778341,Manjit Singh,60155009821,Gill Travels,PUNB0182100,54395,NEFT,UTR5784954114
2026-07-18 12:10:00,60155009821,Gill Travels,50100244178,Suneel Kumar,HDFC0000523,44932,NEFT,UTR8283266442
2026-07-18 14:10:00,34567891234,Ravi Kumar,60122778341,Manjit Singh,PUNB0182100,2603,UPI,UTR1366688342
2026-07-18 16:10:00,602701554398,Nisha Rani,50100244178,Suneel Kumar,HDFC0000523,6575,UPI,UTR1524780871
2026-07-20 09:10:00,34567891234,Ravi Kumar,60122778341,Manjit Singh,PUNB0182100,6870,UPI,UTR9249115678
2026-07-20 11:10:00,602701554398,Nisha Rani,50100244178,Suneel Kumar,HDFC0000523,3957,UPI,UTR2261029346
2026-07-22 12:10:00,34567891234,Ravi Kumar,60122778341,Manjit Singh,PUNB0182100,4194,UPI,UTR6637210038
2026-07-22 14:10:00,602701554398,Nisha Rani,50100244178,Suneel Kumar,HDFC0000523,5212,UPI,UTR9115157393
2026-07-23 11:10:00,60122778341,Manjit Singh,60155009821,Gill Travels,PUNB0182100,49099,NEFT,UTR3506860028
2026-07-23 16:10:00,60155009821,Gill Travels,50100244178,Suneel Kumar,HDFC0000523,48889,NEFT,UTR8485236671
2026-07-24 16:10:00,34567891234,Ravi Kumar,60122778341,Manjit Singh,PUNB0182100,6823,UPI,UTR2761402228
2026-07-24 18:10:00,602701554398,Nisha Rani,50100244178,Suneel Kumar,HDFC0000523,6110,UPI,UTR6425653078
2026-07-26 09:10:00,34567891234,Ravi Kumar,60122778341,Manjit Singh,PUNB0182100,6249,UPI,UTR6958810204
2026-07-26 11:10:00,602701554398,Nisha Rani,50100244178,Suneel Kumar,HDFC0000523,3210,UPI,UTR1658560159
2026-07-28 08:10:00,34567891234,Ravi Kumar,60122778341,Manjit Singh,PUNB0182100,3392,UPI,UTR6339172100
2026-07-28 10:10:00,602701554398,Nisha Rani,50100244178,Suneel Kumar,HDFC0000523,5763,UPI,UTR8526112544
2026-07-28 13:10:00,60122778341,Manjit Singh,60155009821,Gill Travels,PUNB0182100,67145,NEFT,UTR3994865319
2026-07-28 15:10:00,60155009821,Gill Travels,50100244178,Suneel Kumar,HDFC0000523,51341,NEFT,UTR9445104526
2026-07-30 09:10:00,34567891234,Ravi Kumar,60122778341,Manjit Singh,PUNB0182100,3536,UPI,UTR1854659511
2026-07-30 11:10:00,602701554398,Nisha Rani,50100244178,Suneel Kumar,HDFC0000523,4158,UPI,UTR4732190015
2026-08-01 11:10:00,34567891234,Ravi Kumar,60122778341,Manjit Singh,PUNB0182100,6420,UPI,UTR7250878026
2026-08-01 13:10:00,602701554398,Nisha Rani,50100244178,Suneel Kumar,HDFC0000523,2244,UPI,UTR9274431537
2026-08-01 18:10:00,60122778341,Manjit Singh,60155009821,Gill Travels,PUNB0182100,480000,RTGS,UTR2645857592
2026-08-02 02:10:00,60155009821,Gill Travels,50100244178,Suneel Kumar,HDFC0000523,465000,RTGS,UTR5673922348
2026-08-02 15:10:00,60122778341,Manjit Singh,60155009821,Gill Travels,PUNB0182100,65989,NEFT,UTR3225328597
2026-08-02 21:10:00,60155009821,Gill Travels,50100244178,Suneel Kumar,HDFC0000523,63368,NEFT,UTR6849951140
2026-08-03 09:10:00,34567891234,Ravi Kumar,60122778341,Manjit Singh,PUNB0182100,4119,UPI,UTR1974051275
2026-08-03 11:10:00,602701554398,Nisha Rani,50100244178,Suneel Kumar,HDFC0000523,2429,UPI,UTR9095967792
