caller,callee,timestamp,duration_sec,call_type,imei,cell_id,subscriber
9911223344,9876001122,2026-07-14 07:46:00,62,CALL,550489573973164,LDH-031,Tarun Gupta
9873320016,9971204418,2026-07-14 08:46:00,71,CALL,768529014948416,DEL-118,Amarjit Chadha
9814227731,9878004512,2026-07-14 11:26:00,177,CALL,732870573879984,LDH-022,Manjit Singh
9815778820,9878004512,2026-07-14 13:10:00,217,CALL,384344521966928,LDH-014,Jaswant Rai
9968112207,9971204418,2026-07-14 13:33:00,266,CALL,426618631113977,DEL-091,Parminder Sethi
9958201143,9968112207,2026-07-14 14:10:00,324,CALL,185030280655320,DEL-091,Balraj Thind
9876001122,9855443322,2026-07-14 14:22:00,224,CALL,353007140334880,LDH-014,Simran Bedi
9814227731,9855610294,2026-07-14 15:05:00,193,CALL,732870573879984,LDH-022,Manjit Singh
9971204418,9968112207,2026-07-14 15:49:00,308,CALL,034978693509761,DEL-204,Suneel Kumar
9814227731,9878004512,2026-07-14 16:53:00,127,CALL,732870573879984,LDH-022,Manjit Singh
9968887766,9876543210,2026-07-14 17:04:00,310,CALL,089759036248246,DEL-204,Rekha Devi
9814009977,9815778820,2026-07-14 18:10:00,44,CALL,749275574045476,LDH-031,Harbhajan Dhillon
9814556677,9968112207,2026-07-14 18:36:00,149,CALL,043607750295445,LDH-014,Kulwant Kaur
9814009977,9958201143,2026-07-14 18:42:00,86,CALL,749275574045476,LDH-031,Harbhajan Dhillon
9968112207,9910447736,2026-07-14 19:24:00,336,CALL,426618631113977,DEL-118,Parminder Sethi
9876001122,9876543210,2026-07-14 20:01:00,261,CALL,353007140334880,DEL-204,Simran Bedi
9855610294,9814227731,2026-07-14 20:17:00,41,CALL,026309246391764,LDH-022,Sukhwinder Kaur
9968112207,9873320016,2026-07-14 20:25:00,216,CALL,426618631113977,DEL-204,Parminder Sethi
9855443322,9971204418,2026-07-15 06:52:00,340,CALL,355506580033889,DEL-091,Harjit Sandhu
9855610294,9814227731,2026-07-15 07:00:00,237,CALL,026309246391764,LDH-014,Sukhwinder Kaur
9876001122,9855443322,2026-07-15 07:04:00,64,CALL,353007140334880,DEL-118,Simran Bedi
9876001122,9971204418,2026-07-15 07:26:00,242,CALL,353007140334880,LDH-022,Simran Bedi
9873320016,9910447736,2026-07-15 10:00:00,295,CALL,768529014948416,DEL-091,Amarjit Chadha
9815778820,9878004512,2026-07-15 11:10:00,201,CALL,384344521966928,LDH-014,Jaswant Rai
9968887766,9855443322,2026-07-15 11:28:00,156,CALL,089759036248246,DEL-118,Rekha Devi
9814227731,9876543210,2026-07-15 11:51:00,149,CALL,732870573879984,LDH-022,Manjit Singh
9878004512,9855610294,2026-07-15 12:04:00,95,CALL,944531529175779,LDH-022,Gurpreet Singh
9958201143,9910447736,2026-07-15 12:10:00,178,CALL,185030280655320,DEL-118,Balraj Thind
9876543210,9878004512,2026-07-15 12:13:00,290,CALL,057746107043145,LDH-007,Ravi Kumar
9910447736,9971204418,2026-07-15 12:44:00,39,CALL,692779368121825,DEL-204,Nisha Rani
9873320016,9968112207,2026-07-15 12:44:00,267,CALL,768529014948416,DEL-204,Amarjit Chadha
9855610294,9876543210,2026-07-15 13:16:00,83,CALL,026309246391764,LDH-022,Sukhwinder Kaur
9873320016,9971204418,2026-07-15 15:38:00,132,CALL,768529014948416,DEL-118,Amarjit Chadha
9968887766,9876001122,2026-07-15 16:26:00,276,CALL,089759036248246,DEL-118,Rekha Devi
9873320016,9968112207,2026-07-15 18:46:00,256,CALL,768529014948416,DEL-091,Amarjit Chadha
9876001122,9968887766,2026-07-15 19:54:00,147,CALL,353007140334880,DEL-204,Simran Bedi
9855610294,9814227731,2026-07-15 20:16:00,188,CALL,026309246391764,LDH-031,Sukhwinder Kaur
9814227731,9876543210,2026-07-16 07:53:00,180,CALL,732870573879984,LDH-014,Manjit Singh
9815778820,9876543210,2026-07-16 08:10:00,165,CALL,384344521966928,LDH-007,Jaswant Rai
9968887766,9911223344,2026-07-16 08:50:00,265,CALL,089759036248246,LDH-014,Rekha Devi
9958201143,9910447736,2026-07-16 09:10:00,71,CALL,185030280655320,DEL-204,Balraj Thind
9873320016,9968112207,2026-07-16 11:12:00,226,CALL,768529014948416,DEL-091,Amarjit Chadha
9873320016,9971204418,2026-07-16 15:22:00,138,CALL,768529014948416,DEL-204,Amarjit Chadha
9855610294,9878004512,2026-07-16 16:23:00,23,CALL,026309246391764,LDH-014,Sukhwinder Kaur
9855443322,9814556677,2026-07-16 19:51:00,220,CALL,355506580033889,DEL-091,Harjit Sandhu
9971204418,9873320016,2026-07-16 19:53:00,203,CALL,034978693509761,DEL-204,Suneel Kumar
9878004512,9876543210,2026-07-16 20:22:00,160,CALL,944531529175779,LDH-031,Gurpreet Singh
9968112207,9910447736,2026-07-16 20:48:00,132,CALL,426618631113977,DEL-118,Parminder Sethi
9814556677,9876543210,2026-07-16 21:04:00,231,CALL,043607750295445,LDH-031,Kulwant Kaur
9814009977,9815778820,2026-07-16 21:10:00,105,CALL,749275574045476,LDH-031,Harbhajan Dhillon
9814009977,9958201143,2026-07-16 21:32:00,84,CALL,749275574045476,LDH-031,Harbhajan Dhillon
9876001122,9968887766,2026-07-17 06:14:00,111,CALL,353007140334880,LDH-022,Simran Bedi
9971204418,9873320016,2026-07-17 06:56:00,289,CALL,034978693509761,DEL-204,Suneel Kumar
9873320016,9968112207,2026-07-17 07:07:00,29,CALL,768529014948416,DEL-091,Amarjit Chadha
9910447736,9971204418,2026-07-17 08:10:00,105,CALL,692779368121825,DEL-204,Nisha Rani
9911223344,9814556677,2026-07-17 09:35:00,335,CALL,550489573973164,DEL-091,Tarun Gupta
9815778820,9855610294,2026-07-17 10:10:00,108,CALL,384344521966928,LDH-014,Jaswant Rai
9814556677,9876001122,2026-07-17 10:40:00,62,CALL,043607750295445,LDH-022,Kulwant Kaur
9958201143,9971204418,2026-07-17 11:10:00,30,CALL,185030280655320,DEL-118,Balraj Thind
9910447736,9971204418,2026-07-17 12:01:00,263,CALL,692779368121825,DEL-091,Nisha Rani
9876543210,9878004512,2026-07-17 13:34:00,51,CALL,057746107043145,LDH-031,Ravi Kumar
9878004512,9876543210,2026-07-17 14:37:00,223,CALL,944531529175779,LDH-007,Gurpreet Singh
9814227731,9878004512,2026-07-17 16:34:00,88,CALL,732870573879984,LDH-014,Manjit Singh
9876001122,9911223344,2026-07-17 16:45:00,305,CALL,353007140334880,LDH-007,Simran Bedi
9876543210,9855610294,2026-07-17 17:57:00,134,CALL,057746107043145,LDH-014,Ravi Kumar
9855443322,9911223344,2026-07-17 18:43:00,246,CALL,355506580033889,LDH-031,Harjit Sandhu
9968887766,9814556677,2026-07-17 19:29:00,112,CALL,089759036248246,LDH-007,Rekha Devi
9876543210,9878004512,2026-07-17 19:34:00,89,CALL,057746107043145,LDH-031,Ravi Kumar
9873320016,9971204418,2026-07-17 20:01:00,48,CALL,768529014948416,DEL-204,Amarjit Chadha
9911223344,9814556677,2026-07-17 20:03:00,247,CALL,550489573973164,LDH-022,Tarun Gupta
9968112207,9873320016,2026-07-18 08:16:00,279,CALL,426618631113977,DEL-118,Parminder Sethi
9876001122,9855443322,2026-07-18 08:16:00,95,CALL,353007140334880,LDH-007,Simran Bedi
9876543210,9878004512,2026-07-18 08:43:00,211,CALL,057746107043145,LDH-007,Ravi Kumar
9855610294,9876543210,2026-07-18 09:46:00,136,CALL,026309246391764,LDH-031,Sukhwinder Kaur
9814556677,9814227731,2026-07-18 09:50:00,45,CALL,043607750295445,LDH-022,Kulwant Kaur
9911223344,9876001122,2026-07-18 11:05:00,172,CALL,550489573973164,LDH-031,Tarun Gupta
9814227731,9878004512,2026-07-18 11:18:00,59,CALL,732870573879984,LDH-014,Manjit Singh
9968112207,9971204418,2026-07-18 13:10:00,202,CALL,426618631113977,DEL-091,Parminder Sethi
9910447736,9873320016,2026-07-18 13:35:00,29,CALL,692779368121825,DEL-091,Nisha Rani
9971204418,9873320016,2026-07-18 15:04:00,234,CALL,034978693509761,DEL-118,Suneel Kumar
9815778820,9878004512,2026-07-18 17:10:00,130,CALL,384344521966928,LDH-014,Jaswant Rai
9958201143,9910447736,2026-07-18 18:10:00,208,CALL,185030280655320,DEL-118,Balraj Thind
9814009977,9815778820,2026-07-18 18:10:00,79,CALL,749275574045476,LDH-031,Harbhajan Dhillon
9814009977,9958201143,2026-07-18 18:46:00,103,CALL,749275574045476,LDH-031,Harbhajan Dhillon
9878004512,9855610294,2026-07-18 19:17:00,29,CALL,944531529175779,LDH-022,Gurpreet Singh
9855443322,9814556677,2026-07-18 19:22:00,287,CALL,355506580033889,DEL-204,Harjit Sandhu
9968112207,9910447736,2026-07-18 19:42:00,240,CALL,426618631113977,DEL-091,Parminder Sethi
9876001122,9814556677,2026-07-19 06:34:00,288,CALL,353007140334880,LDH-014,Simran Bedi
9876001122,9814227731,2026-07-19 06:37:00,60,CALL,353007140334880,LDH-014,Simran Bedi
9968112207,9910447736,2026-07-19 06:53:00,37,CALL,426618631113977,DEL-091,Parminder Sethi
9878004512,9855610294,2026-07-19 07:07:00,304,CALL,944531529175779,LDH-007,Gurpreet Singh
9968887766,9814556677,2026-07-19 08:11:00,95,CALL,089759036248246,LDH-031,Rekha Devi
9855610294,9876543210,2026-07-19 08:38:00,289,CALL,026309246391764,LDH-014,Sukhwinder Kaur
9855443322,9876543210,2026-07-19 10:03:00,246,CALL,355506580033889,LDH-014,Harjit Sandhu
9968112207,9971204418,2026-07-19 11:46:00,51,CALL,426618631113977,DEL-204,Parminder Sethi
9911223344,9968887766,2026-07-19 12:41:00,287,CALL,550489573973164,LDH-031,Tarun Gupta
9855610294,9876543210,2026-07-19 13:05:00,181,CALL,026309246391764,LDH-014,Sukhwinder Kaur
9873320016,9968112207,2026-07-19 13:28:00,184,CALL,768529014948416,DEL-204,Amarjit Chadha
9911223344,9814227731,2026-07-19 15:31:00,115,CALL,550489573973164,DEL-091,Tarun Gupta
9855610294,9878004512,2026-07-19 15:42:00,258,CALL,026309246391764,LDH-007,Sukhwinder Kaur
9814227731,9855610294,2026-07-19 15:49:00,49,CALL,732870573879984,LDH-031,Manjit Singh
9968112207,9910447736,2026-07-19 17:10:00,23,CALL,426618631113977,DEL-204,Parminder Sethi
9815778820,9878004512,2026-07-19 17:10:00,194,CALL,384344521966928,LDH-031,Jaswant Rai
9968112207,9971204418,2026-07-19 17:17:00,247,CALL,426618631113977,DEL-204,Parminder Sethi
9958201143,9910447736,2026-07-19 18:10:00,136,CALL,185030280655320,DEL-118,Balraj Thind
9968112207,9910447736,2026-07-19 19:42:00,238,CALL,426618631113977,DEL-091,Parminder Sethi
9876001122,9911223344,2026-07-19 21:04:00,44,CALL,353007140334880,LDH-022,Simran Bedi
9876001122,9968112207,2026-07-20 07:07:00,305,CALL,353007140334880,LDH-007,Simran Bedi
9815778820,9878004512,2026-07-20 07:10:00,84,CALL,384344521966928,LDH-031,Jaswant Rai
9958201143,9971204418,2026-07-20 08:10:00,328,CALL,185030280655320,DEL-204,Balraj Thind
9878004512,9876543210,2026-07-20 08:47:00,21,CALL,944531529175779,LDH-022,Gurpreet Singh
9814227731,9855610294,2026-07-20 11:30:00,205,CALL,732870573879984,LDH-031,Manjit Singh
9911223344,9968887766,2026-07-20 13:05:00,261,CALL,550489573973164,LDH-014,Tarun Gupta
9968112207,9873320016,2026-07-20 13:08:00,39,CALL,426618631113977,DEL-204,Parminder Sethi
9814227731,9855610294,2026-07-20 13:12:00,80,CALL,732870573879984,LDH-031,Manjit Singh
9855610294,9876543210,2026-07-20 13:50:00,264,CALL,026309246391764,LDH-007,Sukhwinder Kaur
9876001122,9911223344,2026-07-20 15:17:00,26,CALL,353007140334880,DEL-091,Simran Bedi
9971204418,9873320016,2026-07-20 15:32:00,325,CALL,034978693509761,DEL-204,Suneel Kumar
9876543210,9855610294,2026-07-20 17:45:00,208,CALL,057746107043145,LDH-014,Ravi Kumar
9911223344,9814556677,2026-07-20 17:47:00,326,CALL,550489573973164,LDH-014,Tarun Gupta
9911223344,9876001122,2026-07-20 19:02:00,298,CALL,550489573973164,DEL-118,Tarun Gupta
9910447736,9873320016,2026-07-20 19:25:00,324,CALL,692779368121825,DEL-204,Nisha Rani
9968112207,9873320016,2026-07-20 19:49:00,310,CALL,426618631113977,DEL-118,Parminder Sethi
9911223344,9968112207,2026-07-20 20:58:00,64,CALL,550489573973164,LDH-031,Tarun Gupta
9814009977,9815778820,2026-07-20 21:10:00,67,CALL,749275574045476,LDH-031,Harbhajan Dhillon
9814009977,9958201143,2026-07-20 21:32:00,69,CALL,749275574045476,LDH-031,Harbhajan Dhillon
9873320016,9971204418,2026-07-21 06:17:00,186,CALL,768529014948416,DEL-204,Amarjit Chadha
9971204418,9873320016,2026-07-21 07:10:00,66,CALL,034978693509761,DEL-204,Suneel Kumar
9873320016,9968112207,2026-07-21 07:48:00,252,CALL,768529014948416,DEL-118,Amarjit Chadha
9876001122,9971204418,2026-07-21 09:29:00,78,CALL,353007140334880,LDH-007,Simran Bedi
9910447736,9873320016,2026-07-21 10:56:00,72,CALL,692779368121825,DEL-091,Nisha Rani
9815778820,9878004512,2026-07-21 12:10:00,195,CALL,384344521966928,LDH-031,Jaswant Rai
9958201143,9873320016,2026-07-21 13:10:00,29,CALL,185030280655320,DEL-091,Balraj Thind
9855610294,9876543210,2026-07-21 13:38:00,270,CALL,026309246391764,LDH-007,Sukhwinder Kaur
9855610294,9878004512,2026-07-21 16:12:00,289,CALL,026309246391764,LDH-022,Sukhwinder Kaur
9876543210,9878004512,2026-07-21 16:18:00,180,CALL,057746107043145,LDH-022,Ravi Kumar
9911223344,9971204418,2026-07-21 16:18:00,126,CALL,550489573973164,LDH-007,Tarun Gupta
9855443322,9968887766,2026-07-21 16:56:00,168,CALL,355506580033889,LDH-007,Harjit Sandhu
9968887766,9911223344,2026-07-21 17:47:00,64,CALL,089759036248246,LDH-014,Rekha Devi
9971204418,9910447736,2026-07-21 19:05:00,163,CALL,034978693509761,DEL-091,Suneel Kumar
9855443322,9876543210,2026-07-21 19:07:00,295,CALL,355506580033889,LDH-022,Harjit Sandhu
9855610294,9878004512,2026-07-21 19:30:00,123,CALL,026309246391764,LDH-007,Sukhwinder Kaur
9876543210,9814227731,2026-07-21 20:18:00,195,CALL,057746107043145,LDH-007,Ravi Kumar
9855443322,9968112207,2026-07-22 06:32:00,121,CALL,355506580033889,LDH-031,Harjit Sandhu
9814227731,9855610294,2026-07-22 06:59:00,191,CALL,732870573879984,LDH-007,Manjit Singh
9873320016,9971204418,2026-07-22 07:28:00,78,CALL,768529014948416,DEL-204,Amarjit Chadha
9968887766,9911223344,2026-07-22 08:24:00,145,CALL,089759036248246,LDH-022,Rekha Devi
9968112207,9873320016,2026-07-22 09:00:00,284,CALL,426618631113977,DEL-204,Parminder Sethi
9814227731,9876543210,2026-07-22 09:06:00,46,CALL,732870573879984,LDH-014,Manjit Singh
9815778820,9855610294,2026-07-22 09:10:00,23,CALL,384344521966928,LDH-031,Jaswant Rai
9958201143,9910447736,2026-07-22 10:10:00,207,CALL,185030280655320,DEL-118,Balraj Thind
9911223344,9814227731,2026-07-22 10:17:00,280,CALL,550489573973164,LDH-007,Tarun Gupta
9910447736,9968112207,2026-07-22 12:01:00,236,CALL,692779368121825,DEL-091,Nisha Rani
9968112207,9910447736,2026-07-22 17:36:00,231,CALL,426618631113977,DEL-204,Parminder Sethi
9911223344,9876001122,2026-07-22 19:26:00,159,CALL,550489573973164,LDH-014,Tarun Gupta
9878004512,9814227731,2026-07-22 20:06:00,102,CALL,944531529175779,LDH-007,Gurpreet Singh
9876543210,9855610294,2026-07-22 21:03:00,274,CALL,057746107043145,LDH-014,Ravi Kumar
9814009977,9815778820,2026-07-22 21:10:00,106,CALL,749275574045476,LDH-031,Harbhajan Dhillon
9814009977,9958201143,2026-07-22 21:29:00,118,CALL,749275574045476,LDH-031,Harbhajan Dhillon
9855610294,9814227731,2026-07-23 06:23:00,182,CALL,026309246391764,LDH-031,Sukhwinder Kaur
9878004512,9855610294,2026-07-23 06:52:00,228,CALL,944531529175779,LDH-022,Gurpreet Singh
9910447736,9968112207,2026-07-23 10:43:00,176,CALL,692779368121825,DEL-204,Nisha Rani
9855443322,9814556677,2026-07-23 11:10:00,143,CALL,355506580033889,DEL-091,Harjit Sandhu
9815778820,9814227731,2026-07-23 12:10:00,205,CALL,384344521966928,LDH-007,Jaswant Rai
9876543210,9855610294,2026-07-23 12:37:00,312,CALL,057746107043145,LDH-031,Ravi Kumar
9958201143,9910447736,2026-07-23 13:10:00,31,CALL,185030280655320,DEL-091,Balraj Thind
9855610294,9814227731,2026-07-23 15:08:00,318,CALL,026309246391764,LDH-007,Sukhwinder Kaur
9814556677,9876543210,2026-07-23 15:13:00,65,CALL,043607750295445,LDH-014,Kulwant Kaur
9910447736,9873320016,2026-07-23 16:16:00,162,CALL,692779368121825,DEL-118,Nisha Rani
9968112207,9873320016,2026-07-23 16:41:00,324,CALL,426618631113977,DEL-118,Parminder Sethi
9876543210,9814227731,2026-07-23 18:01:00,41,CALL,057746107043145,LDH-022,Ravi Kumar
9873320016,9971204418,2026-07-23 21:07:00,145,CALL,768529014948416,DEL-204,Amarjit Chadha
9814556677,9814227731,2026-07-23 22:01:00,44,CALL,043607750295445,LDH-022,Kulwant Kaur
9873320016,9971204418,2026-07-24 07:02:00,74,CALL,768529014948416,DEL-204,Amarjit Chadha
9878004512,9855610294,2026-07-24 07:19:00,129,CALL,944531529175779,LDH-031,Gurpreet Singh
9968112207,9873320016,2026-07-24 08:05:00,286,CALL,426618631113977,DEL-091,Parminder Sethi
9876001122,9876543210,2026-07-24 08:48:00,100,CALL,353007140334880,LDH-031,Simran Bedi
9910447736,9971204418,2026-07-24 09:20:00,141,CALL,692779368121825,DEL-118,Nisha Rani
9855610294,9876543210,2026-07-24 11:13:00,208,CALL,026309246391764,LDH-014,Sukhwinder Kaur
9876001122,9814556677,2026-07-24 11:31:00,124,CALL,353007140334880,DEL-091,Simran Bedi
9971204418,9910447736,2026-07-24 12:12:00,102,CALL,034978693509761,DEL-118,Suneel Kumar
9878004512,9855610294,2026-07-24 12:36:00,186,CALL,944531529175779,LDH-022,Gurpreet Singh
9814556677,9876001122,2026-07-24 14:24:00,112,CALL,043607750295445,LDH-007,Kulwant Kaur
9876001122,9968887766,2026-07-24 15:07:00,244,CALL,353007140334880,LDH-022,Simran Bedi
9815778820,9855610294,2026-07-24 15:10:00,236,CALL,384344521966928,LDH-022,Jaswant Rai
9958201143,9968112207,2026-07-24 16:10:00,195,CALL,185030280655320,DEL-091,Balraj Thind
9971204418,9873320016,2026-07-24 16:40:00,257,CALL,034978693509761,DEL-118,Suneel Kumar
9873320016,9910447736,2026-07-24 19:34:00,124,CALL,768529014948416,DEL-118,Amarjit Chadha
9876543210,9814227731,2026-07-24 19:35:00,150,CALL,057746107043145,LDH-007,Ravi Kumar
9814009977,9815778820,2026-07-24 20:10:00,55,CALL,749275574045476,LDH-031,Harbhajan Dhillon
9876543210,9855610294,2026-07-24 20:17:00,103,CALL,057746107043145,LDH-022,Ravi Kumar
9814009977,9958201143,2026-07-24 20:26:00,82,CALL,749275574045476,LDH-031,Harbhajan Dhillon
9814556677,9814227731,2026-07-25 05:27:00,83,CALL,043607750295445,DEL-118,Kulwant Kaur
9855610294,9876543210,2026-07-25 06:50:00,75,CALL,026309246391764,LDH-014,Sukhwinder Kaur
9968112207,9971204418,2026-07-25 08:23:00,235,CALL,426618631113977,DEL-118,Parminder Sethi
9878004512,9855610294,2026-07-25 08:50:00,307,CALL,944531529175779,LDH-007,Gurpreet Singh
9876543210,9855610294,2026-07-25 09:02:00,27,CALL,057746107043145,LDH-022,Ravi Kumar
9876001122,9855443322,2026-07-25 09:28:00,197,CALL,353007140334880,DEL-118,Simran Bedi
9876543210,9855610294,2026-07-25 09:34:00,321,CALL,057746107043145,LDH-022,Ravi Kumar
9968112207,9910447736,2026-07-25 10:41:00,174,CALL,426618631113977,DEL-118,Parminder Sethi
9968887766,9911223344,2026-07-25 11:17:00,113,CALL,089759036248246,LDH-022,Rekha Devi
9873320016,9910447736,2026-07-25 12:20:00,49,CALL,768529014948416,DEL-091,Amarjit Chadha
9968112207,9971204418,2026-07-25 13:27:00,208,CALL,426618631113977,DEL-204,Parminder Sethi
9814227731,9855610294,2026-07-25 13:56:00,273,CALL,732870573879984,LDH-014,Manjit Singh
9873320016,9968112207,2026-07-25 15:42:00,134,CALL,768529014948416,DEL-118,Amarjit Chadha
9815778820,9878004512,2026-07-25 16:10:00,310,CALL,384344521966928,LDH-007,Jaswant Rai
9958201143,9968112207,2026-07-25 17:10:00,182,CALL,185030280655320,DEL-204,Balraj Thind
9814227731,9876543210,2026-07-25 17:58:00,108,CALL,732870573879984,LDH-007,Manjit Singh
9968887766,9876543210,2026-07-25 20:01:00,49,CALL,089759036248246,LDH-014,Rekha Devi
9911223344,9971204418,2026-07-25 20:17:00,337,CALL,550489573973164,LDH-007,Tarun Gupta
9968887766,9971204418,2026-07-26 05:33:00,42,CALL,089759036248246,LDH-031,Rekha Devi
9876543210,9814227731,2026-07-26 07:31:00,132,CALL,057746107043145,LDH-007,Ravi Kumar
9855443322,9968887766,2026-07-26 07:34:00,168,CALL,355506580033889,LDH-014,Harjit Sandhu
9873320016,9968112207,2026-07-26 08:29:00,283,CALL,768529014948416,DEL-118,Amarjit Chadha
9873320016,9910447736,2026-07-26 09:32:00,86,CALL,768529014948416,DEL-118,Amarjit Chadha
9855443322,9971204418,2026-07-26 09:55:00,20,CALL,355506580033889,DEL-118,Harjit Sandhu
9814556677,9971204418,2026-07-26 10:49:00,33,CALL,043607750295445,LDH-022,Kulwant Kaur
9873320016,9910447736,2026-07-26 11:46:00,115,CALL,768529014948416,DEL-118,Amarjit Chadha
9876543210,9878004512,2026-07-26 13:08:00,81,CALL,057746107043145,LDH-031,Ravi Kumar
9815778820,9878004512,2026-07-26 13:10:00,295,CALL,384344521966928,LDH-007,Jaswant Rai
9876001122,9814556677,2026-07-26 13:16:00,288,CALL,353007140334880,DEL-204,Simran Bedi
9958201143,9873320016,2026-07-26 14:10:00,270,CALL,185030280655320,DEL-204,Balraj Thind
9855610294,9876543210,2026-07-26 15:11:00,240,CALL,026309246391764,LDH-022,Sukhwinder Kaur
9968112207,9873320016,2026-07-26 17:53:00,54,CALL,426618631113977,DEL-091,Parminder Sethi
9876001122,9814556677,2026-07-26 18:46:00,275,CALL,353007140334880,LDH-007,Simran Bedi
9814009977,9815778820,2026-07-26 19:10:00,83,CALL,749275574045476,LDH-031,Harbhajan Dhillon
9878004512,9814227731,2026-07-26 19:15:00,296,CALL,944531529175779,LDH-022,Gurpreet Singh
9814009977,9958201143,2026-07-26 19:38:00,105,CALL,749275574045476,LDH-031,Harbhajan Dhillon
9971204418,9910447736,2026-07-26 21:09:00,244,CALL,034978693509761,DEL-091,Suneel Kumar
9968887766,9855443322,2026-07-26 21:35:00,40,CALL,089759036248246,DEL-091,Rekha Devi
9815778820,9814227731,2026-07-27 08:10:00,211,CALL,384344521966928,LDH-022,Jaswant Rai
9814227731,9878004512,2026-07-27 08:22:00,145,CALL,732870573879984,LDH-022,Manjit Singh
9971204418,9968112207,2026-07-27 08:26:00,148,CALL,034978693509761,DEL-204,Suneel Kumar
9958201143,9968112207,2026-07-27 09:10:00,227,CALL,185030280655320,DEL-204,Balraj Thind
9971204418,9910447736,2026-07-27 10:26:00,306,CALL,034978693509761,DEL-204,Suneel Kumar
9911223344,9971204418,2026-07-27 10:27:00,278,CALL,550489573973164,LDH-031,Tarun Gupta
9878004512,9855610294,2026-07-27 11:06:00,307,CALL,944531529175779,LDH-007,Gurpreet Singh
9910447736,9968112207,2026-07-27 11:54:00,281,CALL,692779368121825,DEL-091,Nisha Rani
9910447736,9873320016,2026-07-27 12:00:00,62,CALL,692779368121825,DEL-091,Nisha Rani
9968887766,9971204418,2026-07-27 12:04:00,143,CALL,089759036248246,LDH-007,Rekha Devi
9910447736,9968112207,2026-07-27 12:27:00,98,CALL,692779368121825,DEL-204,Nisha Rani
9878004512,9814227731,2026-07-27 12:59:00,73,CALL,944531529175779,LDH-022,Gurpreet Singh
9814556677,9968887766,2026-07-27 15:52:00,100,CALL,043607750295445,LDH-031,Kulwant Kaur
9968887766,9911223344,2026-07-27 16:09:00,109,CALL,089759036248246,LDH-031,Rekha Devi
9971204418,9968112207,2026-07-27 16:27:00,83,CALL,034978693509761,DEL-204,Suneel Kumar
9878004512,9814227731,2026-07-27 16:47:00,38,CALL,944531529175779,LDH-007,Gurpreet Singh
9814227731,9878004512,2026-07-27 17:17:00,171,CALL,732870573879984,LDH-014,Manjit Singh
9855610294,9814227731,2026-07-28 07:08:00,272,CALL,026309246391764,LDH-007,Sukhwinder Kaur
9910447736,9971204418,2026-07-28 08:06:00,171,CALL,692779368121825,DEL-204,Nisha Rani
9878004512,9876543210,2026-07-28 09:44:00,193,CALL,944531529175779,LDH-014,Gurpreet Singh
9814227731,9855610294,2026-07-28 12:02:00,190,CALL,732870573879984,LDH-022,Manjit Singh
9968112207,9873320016,2026-07-28 12:56:00,95,CALL,426618631113977,DEL-091,Parminder Sethi
9814556677,9968112207,2026-07-28 13:26:00,289,CALL,043607750295445,DEL-118,Kulwant Kaur
9878004512,9855610294,2026-07-28 14:48:00,180,CALL,944531529175779,LDH-014,Gurpreet Singh
9876001122,9968887766,2026-07-28 15:00:00,128,CALL,353007140334880,LDH-007,Simran Bedi
9876001122,9911223344,2026-07-28 15:27:00,25,CALL,353007140334880,DEL-118,Simran Bedi
9855443322,9911223344,2026-07-28 17:31:00,290,CALL,355506580033889,LDH-007,Harjit Sandhu
9815778820,9814227731,2026-07-28 18:10:00,123,CALL,384344521966928,LDH-007,Jaswant Rai
9971204418,9968112207,2026-07-28 18:40:00,255,CALL,034978693509761,DEL-118,Suneel Kumar
9958201143,9873320016,2026-07-28 19:10:00,290,CALL,185030280655320,DEL-091,Balraj Thind
9814009977,9815778820,2026-07-28 20:10:00,112,CALL,749275574045476,LDH-031,Harbhajan Dhillon
9814009977,9958201143,2026-07-28 20:28:00,61,CALL,749275574045476,LDH-031,Harbhajan Dhillon
9855443322,9814556677,2026-07-28 21:42:00,269,CALL,355506580033889,LDH-007,Harjit Sandhu
9968887766,9968112207,2026-07-29 07:08:00,267,CALL,089759036248246,LDH-007,Rekha Devi
9876001122,9814227731,2026-07-29 08:26:00,120,CALL,353007140334880,DEL-118,Simran Bedi
9814556677,9855443322,2026-07-29 10:07:00,248,CALL,043607750295445,LDH-031,Kulwant Kaur
9971204418,9910447736,2026-07-29 10:13:00,234,CALL,034978693509761,DEL-118,Suneel Kumar
9814227731,9876543210,2026-07-29 10:37:00,179,CALL,732870573879984,LDH-031,Manjit Singh
9910447736,9968112207,2026-07-29 10:40:00,89,CALL,692779368121825,DEL-204,Nisha Rani
9968887766,9876001122,2026-07-29 11:24:00,96,CALL,089759036248246,LDH-031,Rekha Devi
9910447736,9968112207,2026-07-29 11:38:00,163,CALL,692779368121825,DEL-204,Nisha Rani
9910447736,9968112207,2026-07-29 13:06:00,131,CALL,692779368121825,DEL-204,Nisha Rani
9971204418,9910447736,2026-07-29 13:42:00,331,CALL,034978693509761,DEL-204,Suneel Kumar
9814227731,9878004512,2026-07-29 15:29:00,337,CALL,732870573879984,LDH-007,Manjit Singh
9855443322,9968112207,2026-07-29 16:41:00,311,CALL,355506580033889,LDH-022,Harjit Sandhu
9814556677,9876001122,2026-07-29 18:26:00,138,CALL,043607750295445,DEL-091,Kulwant Kaur
9815778820,9878004512,2026-07-29 19:10:00,175,CALL,384344521966928,LDH-022,Jaswant Rai
9876543210,9814227731,2026-07-29 19:20:00,334,CALL,057746107043145,LDH-014,Ravi Kumar
9855610294,9814227731,2026-07-29 19:48:00,269,CALL,026309246391764,LDH-014,Sukhwinder Kaur
9814003311,9958201143,2026-07-29 19:54:00,67,CALL,749275574045476,LDH-031,Harbhajan Dhillon
9958201143,9971204418,2026-07-29 20:10:00,30,CALL,185030280655320,DEL-118,Balraj Thind
9968887766,9876001122,2026-07-29 20:29:00,136,CALL,089759036248246,DEL-091,Rekha Devi
9873320016,9968112207,2026-07-29 21:03:00,189,CALL,768529014948416,DEL-204,Amarjit Chadha
9911223344,9971204418,2026-07-30 07:31:00,169,CALL,550489573973164,LDH-014,Tarun Gupta
9910447736,9971204418,2026-07-30 08:33:00,317,CALL,692779368121825,DEL-204,Nisha Rani
9911223344,9876001122,2026-07-30 09:04:00,97,CALL,550489573973164,DEL-091,Tarun Gupta
9968887766,9814227731,2026-07-30 09:21:00,110,CALL,089759036248246,DEL-118,Rekha Devi
9878004512,9855610294,2026-07-30 10:31:00,180,CALL,944531529175779,LDH-031,Gurpreet Singh
9814227731,9876543210,2026-07-30 13:04:00,111,CALL,732870573879984,LDH-014,Manjit Singh
9876001122,9814556677,2026-07-30 13:15:00,250,CALL,353007140334880,LDH-031,Simran Bedi
9815778820,9814227731,2026-07-30 15:10:00,307,CALL,384344521966928,LDH-014,Jaswant Rai
9968887766,9855443322,2026-07-30 15:33:00,128,CALL,089759036248246,LDH-022,Rekha Devi
9876543210,9814227731,2026-07-30 15:47:00,182,CALL,057746107043145,LDH-007,Ravi Kumar
9958201143,9971204418,2026-07-30 16:10:00,69,CALL,185030280655320,DEL-118,Balraj Thind
9876543210,9878004512,2026-07-30 16:41:00,329,CALL,057746107043145,LDH-014,Ravi Kumar
9968887766,9814556677,2026-07-30 18:41:00,36,CALL,089759036248246,DEL-091,Rekha Devi
9814003311,9958201143,2026-07-30 19:31:00,63,CALL,749275574045476,LDH-031,Harbhajan Dhillon
9814227731,9876543210,2026-07-30 19:59:00,192,CALL,732870573879984,LDH-007,Manjit Singh
9814009977,9815778820,2026-07-30 20:10:00,102,CALL,749275574045476,LDH-031,Harbhajan Dhillon
9814009977,9958201143,2026-07-30 20:23:00,94,CALL,749275574045476,LDH-031,Harbhajan Dhillon
9971204418,9968112207,2026-07-30 20:28:00,72,CALL,034978693509761,DEL-204,Suneel Kumar
9814227731,9878004512,2026-07-30 20:33:00,171,CALL,732870573879984,LDH-031,Manjit Singh
9971204418,9968112207,2026-07-30 20:52:00,67,CALL,034978693509761,DEL-118,Suneel Kumar
9815778820,9814227731,2026-07-31 07:10:00,222,CALL,384344521966928,LDH-007,Jaswant Rai
9873320016,9971204418,2026-07-31 07:27:00,270,CALL,768529014948416,DEL-118,Amarjit Chadha
9958201143,9873320016,2026-07-31 08:10:00,132,CALL,185030280655320,DEL-204,Balraj Thind
9878004512,9855610294,2026-07-31 08:20:00,266,CALL,944531529175779,LDH-007,Gurpreet Singh
9968887766,9968112207,2026-07-31 11:05:00,212,CALL,089759036248246,DEL-118,Rekha Devi
9910447736,9873320016,2026-07-31 11:35:00,59,CALL,692779368121825,DEL-118,Nisha Rani
9855610294,9878004512,2026-07-31 11:59:00,67,CALL,026309246391764,LDH-007,Sukhwinder Kaur
9911223344,9814227731,2026-07-31 14:05:00,94,CALL,550489573973164,LDH-022,Tarun Gupta
9968112207,9910447736,2026-07-31 14:46:00,165,CALL,426618631113977,DEL-091,Parminder Sethi
9876543210,9878004512,2026-07-31 16:12:00,251,CALL,057746107043145,LDH-014,Ravi Kumar
9968112207,9910447736,2026-07-31 16:47:00,328,CALL,426618631113977,DEL-204,Parminder Sethi
9968887766,9814556677,2026-07-31 16:49:00,251,CALL,089759036248246,LDH-022,Rekha Devi
9855610294,9876543210,2026-07-31 18:00:00,189,CALL,026309246391764,LDH-014,Sukhwinder Kaur
9814003311,9958201143,2026-07-31 19:22:00,37,CALL,749275574045476,LDH-031,Harbhajan Dhillon
9968112207,9971204418,2026-07-31 19:34:00,102,CALL,426618631113977,DEL-204,Parminder Sethi
9876001122,9814556677,2026-07-31 21:49:00,205,CALL,353007140334880,LDH-022,Simran Bedi
9968887766,9876543210,2026-08-01 05:32:00,138,CALL,089759036248246,LDH-022,Rekha Devi
9968112207,9873320016,2026-08-01 07:35:00,181,CALL,426618631113977,DEL-118,Parminder Sethi
9968887766,9855443322,2026-08-01 07:41:00,75,CALL,089759036248246,LDH-022,Rekha Devi
9855443322,9968887766,2026-08-01 09:17:00,237,CALL,355506580033889,DEL-091,Harjit Sandhu
9855443322,9814556677,2026-08-01 11:45:00,336,CALL,355506580033889,LDH-007,Harjit Sandhu
9873320016,9910447736,2026-08-01 11:59:00,151,CALL,768529014948416,DEL-204,Amarjit Chadha
9815778820,9855610294,2026-08-01 13:10:00,173,CALL,384344521966928,LDH-007,Jaswant Rai
9876543210,9855610294,2026-08-01 13:26:00,18,CALL,057746107043145,LDH-031,Ravi Kumar
9968112207,9910447736,2026-08-01 14:06:00,288,CALL,426618631113977,DEL-204,Parminder Sethi
9958201143,9873320016,2026-08-01 14:10:00,224,CALL,185030280655320,DEL-118,Balraj Thind
9855610294,9814227731,2026-08-01 14:14:00,132,CALL,026309246391764,LDH-014,Sukhwinder Kaur
9876001122,9855443322,2026-08-01 15:31:00,38,CALL,353007140334880,DEL-091,Simran Bedi
9814227731,9855610294,2026-08-01 15:32:00,100,CALL,732870573879984,LDH-007,Manjit Singh
9910447736,9873320016,2026-08-01 16:36:00,334,CALL,692779368121825,DEL-204,Nisha Rani
9876001122,9814227731,2026-08-01 18:11:00,82,CALL,353007140334880,LDH-014,Simran Bedi
9876543210,9814227731,2026-08-01 19:15:00,106,CALL,057746107043145,LDH-007,Ravi Kumar
9855443322,9971204418,2026-08-01 19:15:00,189,CALL,355506580033889,LDH-007,Harjit Sandhu
9876543210,9814227731,2026-08-01 19:29:00,313,CALL,057746107043145,LDH-031,Ravi Kumar
9814003311,9958201143,2026-08-01 20:09:00,43,CALL,749275574045476,LDH-031,Harbhajan Dhillon
9814009977,9815778820,2026-08-01 20:10:00,94,CALL,749275574045476,LDH-031,Harbhajan Dhillon
9814009977,9958201143,2026-08-01 20:31:00,55,CALL,749275574045476,LDH-031,Harbhajan Dhillon
9878004512,9855610294,2026-08-01 21:03:00,87,CALL,944531529175779,LDH-014,Gurpreet Singh
9814227731,9855610294,2026-08-02 06:16:00,254,CALL,732870573879984,LDH-014,Manjit Singh
9971204418,9910447736,2026-08-02 06:48:00,315,CALL,034978693509761,DEL-118,Suneel Kumar
9876543210,9855610294,2026-08-02 08:56:00,222,CALL,057746107043145,LDH-007,Ravi Kumar
9968887766,9876001122,2026-08-02 09:33:00,302,CALL,089759036248246,DEL-204,Rekha Devi
9815778820,9876543210,2026-08-02 11:10:00,65,CALL,384344521966928,LDH-031,Jaswant Rai
9968887766,9971204418,2026-08-02 12:04:00,155,CALL,089759036248246,LDH-022,Rekha Devi
9958201143,9968112207,2026-08-02 12:10:00,91,CALL,185030280655320,DEL-118,Balraj Thind
9873320016,9971204418,2026-08-02 12:18:00,62,CALL,768529014948416,DEL-118,Amarjit Chadha
9814227731,9876543210,2026-08-02 12:52:00,90,CALL,732870573879984,LDH-014,Manjit Singh
9855443322,9876001122,2026-08-02 15:34:00,233,CALL,355506580033889,LDH-014,Harjit Sandhu
9968887766,9814556677,2026-08-02 17:47:00,44,CALL,089759036248246,LDH-022,Rekha Devi
9968112207,9910447736,2026-08-02 18:26:00,98,CALL,426618631113977,DEL-091,Parminder Sethi
9855443322,9911223344,2026-08-02 19:06:00,80,CALL,355506580033889,DEL-118,Harjit Sandhu
9814003311,9958201143,2026-08-02 19:25:00,37,CALL,749275574045476,LDH-031,Harbhajan Dhillon
9855610294,9814227731,2026-08-02 20:34:00,36,CALL,026309246391764,LDH-031,Sukhwinder Kaur
9911223344,9876543210,2026-08-03 06:59:00,142,CALL,550489573973164,DEL-091,Tarun Gupta
9971204418,9968112207,2026-08-03 07:15:00,256,CALL,034978693509761,DEL-091,Suneel Kumar
9878004512,9855610294,2026-08-03 08:55:00,290,CALL,944531529175779,LDH-007,Gurpreet Singh
9815778820,9878004512,2026-08-03 09:10:00,52,CALL,384344521966928,LDH-031,Jaswant Rai
9855443322,9814556677,2026-08-03 09:31:00,303,CALL,355506580033889,LDH-007,Harjit Sandhu
9958201143,9971204418,2026-08-03 10:10:00,213,CALL,185030280655320,DEL-204,Balraj Thind
9910447736,9873320016,2026-08-03 12:01:00,200,CALL,692779368121825,DEL-204,Nisha Rani
9878004512,9855610294,2026-08-03 12:18:00,58,CALL,944531529175779,LDH-022,Gurpreet Singh
9968112207,9971204418,2026-08-03 12:39:00,266,CALL,426618631113977,DEL-204,Parminder Sethi
9910447736,9873320016,2026-08-03 13:04:00,275,CALL,692779368121825,DEL-204,Nisha Rani
9876001122,9855443322,2026-08-03 14:58:00,196,CALL,353007140334880,DEL-091,Simran Bedi
9878004512,9855610294,2026-08-03 15:41:00,198,CALL,944531529175779,LDH-031,Gurpreet Singh
9855610294,9878004512,2026-08-03 16:15:00,79,CALL,026309246391764,LDH-014,Sukhwinder Kaur
9814009977,9815778820,2026-08-03 16:26:00,175,CALL,749275574045476,LDH-031,Harbhajan Dhillon
9815778820,9876543210,2026-08-03 16:43:00,141,CALL,384344521966928,LDH-014,Jaswant Rai
9968112207,9971204418,2026-08-03 16:49:00,276,CALL,426618631113977,DEL-118,Parminder Sethi
9878004512,9855610294,2026-08-03 16:55:00,33,CALL,944531529175779,LDH-014,Gurpreet Singh
9814227731,9855610294,2026-08-03 17:02:00,85,CALL,732870573879984,LDH-014,Manjit Singh
9855610294,9876543210,2026-08-03 17:19:00,57,CALL,026309246391764,LDH-014,Sukhwinder Kaur
9855610294,9814227731,2026-08-03 17:20:00,64,CALL,026309246391764,LDH-014,Sukhwinder Kaur
9815778820,9876543210,2026-08-03 17:20:00,310,CALL,384344521966928,LDH-014,Jaswant Rai
9814009977,9815778820,2026-08-03 17:34:00,201,CALL,749275574045476,LDH-031,Harbhajan Dhillon
9873320016,9971204418,2026-08-03 17:51:00,238,CALL,768529014948416,DEL-204,Amarjit Chadha
9876543210,9855610294,2026-08-03 18:04:00,29,CALL,057746107043145,LDH-014,Ravi Kumar
9968887766,9971204418,2026-08-03 18:07:00,262,CALL,089759036248246,LDH-014,Rekha Devi
9814009977,9815778820,2026-08-03 18:10:00,52,CALL,749275574045476,LDH-031,Harbhajan Dhillon
9814227731,9878004512,2026-08-03 18:12:00,83,CALL,732870573879984,LDH-014,Manjit Singh
9878004512,9876543210,2026-08-03 18:18:00,82,CALL,944531529175779,LDH-014,Gurpreet Singh
9814009977,9958201143,2026-08-03 18:19:00,106,CALL,749275574045476,LDH-031,Harbhajan Dhillon
9815778820,9876543210,2026-08-03 18:19:00,205,CALL,384344521966928,LDH-014,Jaswant Rai
9814227731,9878004512,2026-08-03 18:28:00,35,CALL,732870573879984,LDH-014,Manjit Singh
9876543210,9878004512,2026-08-03 18:40:00,79,CALL,057746107043145,LDH-014,Ravi Kumar
9814009977,9815778820,2026-08-03 18:54:00,217,CALL,749275574045476,LDH-031,Harbhajan Dhillon
9814009977,9815778820,2026-08-03 19:10:00,28,CALL,749275574045476,LDH-031,Harbhajan Dhillon
9855610294,9878004512,2026-08-03 19:36:00,72,CALL,026309246391764,LDH-014,Sukhwinder Kaur
9815778820,9876543210,2026-08-03 19:36:00,317,CALL,384344521966928,LDH-014,Jaswant Rai
9876543210,9878004512,2026-08-03 19:50:00,79,CALL,057746107043145,LDH-014,Ravi Kumar
9814227731,9855610294,2026-08-03 19:50:00,80,CALL,732870573879984,LDH-014,Manjit Singh
9814003311,9958201143,2026-08-03 19:52:00,84,CALL,749275574045476,LDH-031,Harbhajan Dhillon
9876543210,9878004512,2026-08-03 19:53:00,87,CALL,057746107043145,LDH-014,Ravi Kumar
9876543210,9855610294,2026-08-03 20:10:00,25,CALL,057746107043145,LDH-014,Ravi Kumar
9878004512,9855610294,2026-08-03 20:25:00,40,CALL,944531529175779,LDH-014,Gurpreet Singh
9876543210,9878004512,2026-08-03 20:27:00,32,CALL,057746107043145,LDH-014,Ravi Kumar
9815778820,9876543210,2026-08-03 20:52:00,174,CALL,384344521966928,LDH-014,Jaswant Rai
9876543210,9878004512,2026-08-03 20:53:00,45,CALL,057746107043145,LDH-014,Ravi Kumar
9814009977,9815778820,2026-08-03 20:59:00,125,CALL,749275574045476,LDH-031,Harbhajan Dhillon
9876543210,9814227731,2026-08-03 21:00:00,53,CALL,057746107043145,LDH-014,Ravi Kumar
9876543210,9814227731,2026-08-03 21:01:00,335,CALL,057746107043145,LDH-031,Ravi Kumar
9815778820,9876543210,2026-08-03 21:12:00,87,CALL,384344521966928,LDH-014,Jaswant Rai
9855610294,9814227731,2026-08-03 21:30:00,28,CALL,026309246391764,LDH-014,Sukhwinder Kaur
9814009977,9815778820,2026-08-03 21:32:00,161,CALL,749275574045476,LDH-031,Harbhajan Dhillon
9876543210,9855610294,2026-08-03 21:38:00,84,CALL,057746107043145,LDH-014,Ravi Kumar
9814227731,9876543210,2026-08-03 21:47:00,32,CALL,732870573879984,LDH-014,Manjit Singh
9878004512,9814227731,2026-08-03 21:47:00,55,CALL,944531529175779,LDH-014,Gurpreet Singh
9876543210,9814227731,2026-08-03 22:10:00,64,CALL,057746107043145,LDH-014,Ravi Kumar
9971204418,9968112207,2026-08-03 22:12:00,51,CALL,034978693509761,LDH-014,Suneel Kumar
9968112207,9971204418,2026-08-05 09:10:00,162,CALL,426618631113977,DEL-091,Parminder Sethi
9855443322,9814556677,2026-08-05 09:20:00,304,CALL,355506580033889,LDH-007,Harjit Sandhu
9876001122,9968887766,2026-08-05 11:28:00,73,CALL,353007140334880,LDH-031,Simran Bedi
9814556677,9968887766,2026-08-05 12:26:00,145,CALL,043607750295445,LDH-022,Kulwant Kaur
9910447736,9873320016,2026-08-06 16:10:00,246,CALL,692779368121825,DEL-204,Nisha Rani
9855443322,9911223344,2026-08-06 17:24:00,285,CALL,355506580033889,LDH-007,Harjit Sandhu
9911223344,9855443322,2026-08-06 18:34:00,309,CALL,550489573973164,LDH-014,Tarun Gupta
9911223344,9968887766,2026-08-06 21:08:00,278,CALL,550489573973164,LDH-022,Tarun Gupta
9971204418,9910447736,2026-08-07 17:10:00,41,CALL,034978693509761,DEL-204,Suneel Kumar
9855443322,9876001122,2026-08-07 18:56:00,103,CALL,355506580033889,LDH-014,Harjit Sandhu
9814556677,9876001122,2026-08-07 20:30:00,157,CALL,043607750295445,LDH-022,Kulwant Kaur
9910447736,9971204418,2026-08-08 07:10:00,155,CALL,692779368121825,DEL-091,Nisha Rani
9911223344,9968887766,2026-08-08 08:14:00,183,CALL,550489573973164,LDH-022,Tarun Gupta
9968887766,9855443322,2026-08-08 09:53:00,118,CALL,089759036248246,LDH-014,Rekha Devi
9911223344,9876001122,2026-08-08 10:55:00,142,CALL,550489573973164,LDH-031,Tarun Gupta
9911223344,9814556677,2026-08-08 11:58:00,33,CALL,550489573973164,LDH-014,Tarun Gupta
9910447736,9971204418,2026-08-09 09:10:00,290,CALL,692779368121825,DEL-118,Nisha Rani
9855443322,9911223344,2026-08-09 10:53:00,55,CALL,355506580033889,LDH-031,Harjit Sandhu
9855443322,9876001122,2026-08-09 10:53:00,94,CALL,355506580033889,LDH-007,Harjit Sandhu
9968887766,9876001122,2026-08-09 13:31:00,38,CALL,089759036248246,LDH-031,Rekha Devi
9873320016,9910447736,2026-08-10 08:10:00,86,CALL,768529014948416,DEL-204,Amarjit Chadha
9855443322,9911223344,2026-08-10 09:06:00,272,CALL,355506580033889,LDH-022,Harjit Sandhu
9876001122,9911223344,2026-08-10 10:40:00,116,CALL,353007140334880,LDH-007,Simran Bedi
9873320016,9971204418,2026-08-11 12:10:00,290,CALL,768529014948416,DEL-204,Amarjit Chadha
9876001122,9968887766,2026-08-11 13:05:00,280,CALL,353007140334880,LDH-031,Simran Bedi
9968887766,9814556677,2026-08-11 13:18:00,178,CALL,089759036248246,LDH-007,Rekha Devi
9814556677,9911223344,2026-08-11 15:16:00,123,CALL,043607750295445,LDH-014,Kulwant Kaur
9968887766,9855443322,2026-08-11 15:34:00,182,CALL,089759036248246,LDH-014,Rekha Devi
9968112207,9910447736,2026-08-12 11:10:00,167,CALL,426618631113977,DEL-204,Parminder Sethi
9876001122,9855443322,2026-08-12 11:42:00,162,CALL,353007140334880,LDH-007,Simran Bedi
9968887766,9876001122,2026-08-12 11:53:00,246,CALL,089759036248246,LDH-014,Rekha Devi
9971204418,9968112207,2026-08-13 08:10:00,110,CALL,034978693509761,DEL-118,Suneel Kumar
9814556677,9968887766,2026-08-13 10:52:00,305,CALL,043607750295445,LDH-014,Kulwant Kaur
9814556677,9855443322,2026-08-13 11:04:00,290,CALL,043607750295445,LDH-022,Kulwant Kaur
9968112207,9910447736,2026-08-14 16:10:00,68,CALL,426618631113977,DEL-091,Parminder Sethi
9968887766,9911223344,2026-08-14 20:17:00,185,CALL,089759036248246,LDH-007,Rekha Devi
9876001122,9911223344,2026-08-14 20:51:00,163,CALL,353007140334880,LDH-022,Simran Bedi
9971204418,9968112207,2026-08-15 07:10:00,266,CALL,034978693509761,DEL-204,Suneel Kumar
9855443322,9876001122,2026-08-15 07:12:00,157,CALL,355506580033889,LDH-022,Harjit Sandhu
9968887766,9814556677,2026-08-15 07:33:00,212,CALL,089759036248246,LDH-007,Rekha Devi
9855443322,9876001122,2026-08-15 08:01:00,177,CALL,355506580033889,LDH-007,Harjit Sandhu
9911223344,9855443322,2026-08-15 08:40:00,219,CALL,550489573973164,LDH-022,Tarun Gupta
