accused_name,fir_no,under_section,fir_date,police_station,court,disposal,co_accused,role
Manjit Singh,88/2019,IPC 370,14-03-2019,PS Dhandari Kalan,Sessions Court Ludhiana,Convicted,Sukhwinder Kaur,main accused
Manjit Singh,212/2021,IPC 420,02-09-2021,PS Dhandari Kalan,JMIC Ludhiana,Pending trial,,
Manjit Singh,47/2023,IPC 366,21-01-2023,PS Sahnewal,Sessions Court Ludhiana,Acquitted,Gurpreet Singh,accused
Suneel Kumar,19/2020,IPC 370,08-02-2020,PS Kapashera,Sessions Court Dwarka,Convicted,Parminder Sethi,main accused
Suneel Kumar,133/2022,IPC 370/34,17-06-2022,PS Kapashera,Sessions Court Dwarka,Pending trial,Nisha Rani,accused
Suneel Kumar,08/2024,IPC 363,11-01-2024,PS Dwarka North,JMIC Dwarka,Under investigation,,
Ravi Kumar,301/2022,IPC 279,30-11-2022,PS Dhandari Kalan,JMIC Ludhiana,Acquitted,,
Nisha Rani,77/2021,IPC 411,19-05-2021,PS Kapashera,JMIC Dwarka,Acquitted,,
Gurpreet Singh,254/2020,IPC 323,07-10-2020,PS Sahnewal,JMIC Ludhiana,Compounded,,
